{
    "Tout": [
        -1.1892661066262273,
        -0.002106762281214991,
        -1.1356321261115986e-05,
        -0.0040534081880278855,
        -1.2602030698082827,
        -0.0023114314627766253,
        -0.0006846850007926706,
        3.2412500858553234e-05,
        0.13318088270157855,
        -29.691840638514197,
        0.3445336441127348
    ],
    "Tin": [
        -0.022856571625184896,
        0.05053478813832585,
        -0.021581699428462612,
        0.27401955572779907,
        -0.015942213743787383,
        -0.022856573273389753,
        -0.01470225109786192,
        0.00013015094954715482
    ],
    "Tcell": [
        -0.013256877366968465,
        -1.502240593215356,
        -0.000999608387245615,
        0.1116161232536468,
        -0.02007724753484768,
        -0.9638251743334934
    ],
    "Model1": [
        -0.025886316374309718,
        0.04925586171506919,
        -0.024047019400594043,
        0.27401868567329907,
        -0.01802136460503584,
        -0.02588631802251442,
        -0.016582829073346003,
        0.00017480314112259244,
        -1.1894253549843168,
        -0.0022323381527286413,
        -1.2665328965062745e-05,
        -0.003713084616482597,
        -1.2602113325846,
        -0.002952182091503069,
        -0.0008139409055947781,
        3.203023573155133e-05,
        0.13679418004592997,
        -29.691849023952194,
        0.3421612835393771,
        -0.007717146836582007,
        -1.5022702231068228,
        -0.0009710425307226991,
        0.11160715723533794,
        -0.018100511617556516,
        -0.964060027476789
    ]
}