{
    "Tout": [
        -1.1892661066262273,
        -0.002106762281214991,
        -1.1356321261115986e-05,
        -0.0040534081880278855,
        -1.2602030698082827,
        -0.0023114314627766253,
        -0.0006846850007926706,
        3.2412500858553234e-05,
        0.13318088270157855,
        -29.691840638514197,
        0.3445336441127348
    ],
    "Tin": [
        -0.022856571625184896,
        0.05053478813832585,
        -0.021581699428462612,
        0.27401955572779907,
        -0.015942213743787383,
        -0.022856573273389753,
        -0.01470225109786192,
        0.00013015094954715482
    ],
    "Tcell": [
        -0.013256877366968465,
        -1.502240593215356,
        -0.000999608387245615,
        0.1116161232536468,
        -0.02007724753484768,
        -0.9638251743334934
    ],
    "Model1": [
        -0.05902267172009937,
        0.06636432960825925,
        -0.03945866258062566,
        0.28241745039993243,
        -0.040384983837918394,
        -0.05902267338536987,
        -0.03681589789982153,
        0.000840384967232638,
        -1.1892742446280522,
        -0.00168417959895135,
        -9.425816443824562e-06,
        -0.004040516861033609,
        -1.2896864712141713,
        -0.0014132420660124033,
        -0.0005747700392787638,
        3.322960753764323e-05,
        0.15227308637885179,
        -29.80328012905488,
        0.33697903941265617,
        -0.009367670028995462,
        -1.935413122530333,
        -0.0015117359012164955,
        0.1816974398758989,
        -0.023369846460687457,
        -1.0056298624968063
    ]
}